{"1": 24.311279288492145, "2": 24.271401219746966, "3": 22.220037477236414, "4": 22.543471861024884, "5": 24.73997236421395, "6": 24.59716258957004, "7": 20.670180572013052, "8": 27.962687533623416, "9": 23.0588794327006, "10": 21.609730485780595, "11": 32.84698651208075, "12": 23.675146285155176, "13": 22.16890430710728, "14": 23.318572547827852, "15": 22.854806650082853, "16": 19.977932605335198, "17": 25.590172608424492, "18": 25.756314222801013, "19": 25.742539568152008, "20": 28.471637718127347, "21": 21.85873624659043, "22": 26.40884387898911, "23": 23.79394004155773, "24": 21.41332393272019, "25": 21.388938277220678, "26": 28.003992971799214, "27": 23.347250213689655, "28": 19.424307106744283, "29": 25.844127230909383, "30": 21.608318528959263, "31": 27.11084074132435, "32": 20.013183840810754, "33": 22.892881113898206, "34": 20.445672500810748, "35": 23.19615378891498, "37": 21.947460246285903, "38": 26.132819974336655, "39": 21.1215851092553, "40": 25.118202723887357, "41": 31.365452458275712, "36": 23.388553432942345}